{
    "Deer": 5,
    "Neck": 5,
    "Boar": 8,
    "Greyling": 8,
    "Eikthyr": 96,
    "Greydwarf": 22,
    "Skeleton": 30,
    "Ghost": 36,
    "Greydwarf_Shaman": 40,
    "Skeleton_Poison": 53,
    "Greydwarf_Elite": 69,
    "Troll": 243,
    "gd_king": 833,
    "Surtling": 85,
    "Blob": 99,
    "Leech": 120,
    "Draugr": 139,
    "Wraith": 156,
    "BlobElite": 187,
    "Draugr_Elite": 224,
    "Abomination": 783,
    "Bonemass": 2685,
    "Bat": 109,
    "Ulv": 457,
    "Wolf": 479,
    "Hatchling": 609,
    "Cultist": 762,
    "Fenring": 1067,
    "Serpent": 3200,
    "StoneGolem": 1600,
    "Dragon": 12800,
    "Deathsquito": 620,
    "BlobTar": 782,
    "GoblinShaman": 980,
    "Goblin": 1126,
    "GoblinBrute": 1904,
    "Lox": 2264,
    "GoblinKing": 24693,
    "Hare": 34,
    "SeekerBrood": 483,
    "Tick": 504,
    "DvergerMageSupport": 1207,
    "Seeker": 1517,
    "DvergerMageFire": 1897,
    "Dverger": 1966,
    "DvergerMage": 1966,
    "DvergerMageIce": 2586,
    "SeekerBrute": 6001,
    "Gjall": 18002,
    "SeekerQueen": 72008
}