{
/*
*   There can only be loaded a single player xp table.
*   If you have more .json files in this folder, only the first in the list will be loaded in.
*/

    "Lv1": 80,
    "Lv2": 167,
    "Lv3": 255,
    "Lv4": 343,
    "Lv5": 433,
    "Lv6": 523,
    "Lv7": 614,
    "Lv8": 707,
    "Lv9": 800,
    "Lv10": 895,
    "Lv11": 991,
    "Lv12": 1089,
    "Lv13": 1189,
    "Lv14": 1291,
    "Lv15": 1394,
    "Lv16": 1500,
    "Lv17": 1609,
    "Lv18": 1720,
    "Lv19": 1835,
    "Lv20": 1953,
    "Lv21": 2074,
    "Lv22": 2200,
    "Lv23": 2331,
    "Lv24": 2466,
    "Lv25": 2607,
    "Lv26": 2755,
    "Lv27": 2909,
    "Lv28": 3071,
    "Lv29": 3241,
    "Lv30": 3420,
    "Lv31": 3610,
    "Lv32": 3811,
    "Lv33": 4024,
    "Lv34": 4251,
    "Lv35": 4494,
    "Lv36": 4754,
    "Lv37": 5032,
    "Lv38": 5332,
    "Lv39": 5654,
    "Lv40": 6002,
    "Lv41": 6379,
    "Lv42": 6787,
    "Lv43": 7230,
    "Lv44": 7712,
    "Lv45": 8237,
    "Lv46": 8810,
    "Lv47": 9436,
    "Lv48": 10122,
    "Lv49": 10873,
    "Lv50": 11697,
    "Lv51": 12603,
    "Lv52": 13599,
    "Lv53": 14696,
    "Lv54": 15906,
    "Lv55": 17240,
    "Lv56": 18713,
    "Lv57": 20341,
    "Lv58": 22141,
    "Lv59": 24134,
    "Lv60": 26342,
    "Lv61": 28789,
    "Lv62": 31503,
    "Lv63": 34515,
    "Lv64": 37860,
    "Lv65": 41576,
    "Lv66": 45707,
    "Lv67": 50302,
    "Lv68": 55414,
    "Lv69": 61106,
    "Lv70": 67445,
    "Lv71": 74508,
    "Lv72": 82382,
    "Lv73": 91162,
    "Lv74": 100958,
    "Lv75": 111890,
    "Lv76": 124095,
    "Lv77": 137726,
    "Lv78": 152956,
    "Lv79": 169978,
    "Lv80": 189009,
    "Lv81": 210294,
    "Lv82": 234108,
    "Lv83": 260759,
    "Lv84": 290595,
    "Lv85": 324009,
    "Lv86": 361440,
    "Lv87": 403385,
    "Lv88": 450404,
    "Lv89": 503125,
    "Lv90": 562259
}